units,lr,dropout,val_accuracy,val_loss,fitness,epochs_treinadas
512,8.927699270963634e-05,0.5580221609102032,0.9040000438690186,0.22433020174503326,0.09599995613098145,30
256,0.00019562870519464074,0.33555098483138307,0.9240000247955322,0.20707425475120544,0.07599997520446777,30
256,0.00035489922816903276,0.33234785145668044,0.9220000505447388,0.1983826905488968,0.07799994945526123,30
256,2.9339364343126722e-05,0.6293752446873457,0.8740000128746033,0.326908677816391,0.12599998712539673,30
256,0.0008747920462716551,0.5232935407555053,0.9180000424385071,0.20767264068126678,0.08199995756149292,28
512,2.6055594703946716e-05,0.39081840735958046,0.8880000710487366,0.26578256487846375,0.11199992895126343,30
512,2.7667767380653174e-05,0.5643108954894094,0.8880000710487366,0.2836660146713257,0.11199992895126343,30
512,0.0003598357797210553,0.3575342150595117,0.9240000247955322,0.1939261257648468,0.07599997520446777,24
512,2.815920344699176e-05,0.4040216296777248,0.8880000710487366,0.2577754259109497,0.11199992895126343,30
512,4.476753818297846e-05,0.4585514773258701,0.8960000276565552,0.23972301185131073,0.10399997234344482,30
256,0.00029773748878730513,0.6062346884563274,0.9100000262260437,0.2009950578212738,0.0899999737739563,30
256,0.0004261432813845357,0.684230573523166,0.9120000600814819,0.2202087938785553,0.08799993991851807,30
256,1.2760052866744687e-05,0.4414466114419957,0.8580000400543213,0.36476072669029236,0.1419999599456787,30
512,0.0004908788205568992,0.48661043106269053,0.9120000600814819,0.20969541370868683,0.08799993991851807,26
128,0.00013234711118202582,0.6816068903168695,0.906000018119812,0.24483761191368103,0.09399998188018799,30
512,3.397422576405875e-05,0.46168473273857225,0.9000000357627869,0.2536233365535736,0.09999996423721313,30
256,3.671922134110156e-05,0.40444094377790346,0.8960000276565552,0.2692960500717163,0.10399997234344482,30
128,0.00012098296985174942,0.35768339999111826,0.906000018119812,0.21384406089782715,0.09399998188018799,30
512,4.3934700488593085e-05,0.5847061210749624,0.9000000357627869,0.25479423999786377,0.09999996423721313,30
512,1.2284318097230481e-05,0.63594283344383,0.8580000400543213,0.3549036681652069,0.1419999599456787,30
128,0.0007275412486469934,0.47336452615846725,0.9220000505447388,0.20402951538562775,0.07799994945526123,30
512,0.00016261053256484202,0.694888307882216,0.9180000424385071,0.20960070192813873,0.08199995756149292,30
128,0.00021868520404865914,0.5794579016359305,0.9140000343322754,0.20747803151607513,0.08599996566772461,30
512,5.503258002976568e-05,0.5777855383082773,0.8920000195503235,0.23448307812213898,0.10799998044967651,30
256,0.00037013292791338655,0.3511507496375275,0.9200000166893005,0.20148655772209167,0.07999998331069946,24
512,0.0008929054663423563,0.3740771050760197,0.9100000262260437,0.20465591549873352,0.0899999737739563,18
256,0.00028655236455038904,0.5755270830655588,0.9180000424385071,0.20321886241436005,0.08199995756149292,30
256,8.962319326357275e-05,0.5300725727509974,0.8980000615119934,0.2305249273777008,0.10199993848800659,30
512,1.192651449945785e-05,0.5443226090259932,0.8520000576972961,0.3449438810348511,0.14799994230270386,30
128,6.0941553340490586e-05,0.3233944290315585,0.8980000615119934,0.2539758086204529,0.10199993848800659,30
512,0.0002806125959198724,0.6157876339236787,0.9200000166893005,0.22628967463970184,0.07999998331069946,30
256,1.530141349840652e-05,0.4072800518033958,0.8720000386238098,0.3348371386528015,0.12799996137619019,30
256,9.841255386569272e-05,0.6622972395566499,0.8920000195503235,0.24218398332595825,0.10799998044967651,30
256,0.00033405338796303264,0.309470009661016,0.9180000424385071,0.1913275420665741,0.08199995756149292,24
128,0.0002802655353384906,0.41274990227595687,0.9260000586509705,0.2015480399131775,0.07399994134902954,30
128,0.0004292962434524321,0.3096439586455181,0.9120000600814819,0.2034117579460144,0.08799993991851807,29
128,0.00019172760549414163,0.40072152089467217,0.9140000343322754,0.21676623821258545,0.08599996566772461,30
512,0.00024304983294703235,0.6401345237838002,0.9260000586509705,0.20445516705513,0.07399994134902954,30
128,2.7942159303613847e-05,0.3520077981732032,0.8680000305175781,0.3056929111480713,0.13199996948242188,30
512,0.0002601101454291755,0.6990519054474417,0.8960000276565552,0.2512618899345398,0.10399997234344482,30
128,0.0008841206484118864,0.613622534024639,0.9160000681877136,0.21980072557926178,0.08399993181228638,30
128,6.596691857701385e-05,0.5771250097508152,0.8760000467300415,0.28375303745269775,0.1239999532699585,30
256,0.0008911612103399442,0.5981561044984831,0.9080000519752502,0.19860441982746124,0.09199994802474976,23
512,6.749029994352324e-05,0.3784243755239126,0.9080000519752502,0.2134847193956375,0.09199994802474976,30
256,0.0007369069166231491,0.5395329239864364,0.9140000343322754,0.20271335542201996,0.08599996566772461,26
512,1.7432185431717336e-05,0.5293119611435726,0.8660000562667847,0.30561771988868713,0.13399994373321533,30
512,5.740488220476346e-05,0.40050532811125206,0.9020000696182251,0.2312135398387909,0.0979999303817749,30
256,0.00026038471452293003,0.3502291566006262,0.9120000600814819,0.207533597946167,0.08799993991851807,29
256,0.0009969548285882284,0.3958413343638883,0.9160000681877136,0.21057859063148499,0.08399993181228638,16
128,2.2807166737226816e-05,0.6259495284054176,0.8540000319480896,0.36745014786720276,0.1459999680519104,30
256,3.617217398830286e-05,0.5843066070617269,0.8820000290870667,0.2909383177757263,0.11799997091293335,30
512,1.0346824069524256e-05,0.3652505441429097,0.8640000224113464,0.3256952166557312,0.13599997758865356,30
512,6.64204207404069e-05,0.362380597578001,0.9040000438690186,0.22339032590389252,0.09599995613098145,30
128,0.00025774464337252666,0.4002155999758887,0.9100000262260437,0.21204723417758942,0.0899999737739563,25
512,0.0006398255742789244,0.5500028530283018,0.9080000519752502,0.22023145854473114,0.09199994802474976,14
256,0.00014477456177481888,0.527858347514913,0.9220000505447388,0.2044660449028015,0.07799994945526123,30
512,0.0003660636157074747,0.4178509367028645,0.9140000343322754,0.2139892280101776,0.08599996566772461,21
128,3.364371758383825e-05,0.40273869042019417,0.8680000305175781,0.31354451179504395,0.13199996948242188,30
512,4.0648857294933544e-05,0.3950655513891751,0.8980000615119934,0.24205079674720764,0.10199993848800659,30
512,1.6379042176497904e-05,0.5089868556309649,0.878000020980835,0.311446875333786,0.12199997901916504,30
128,0.00020741874437881874,0.3286989401579504,0.9200000166893005,0.2068639099597931,0.07999998331069946,30
128,0.000185878271940203,0.6691438890142085,0.9080000519752502,0.22035959362983704,0.09199994802474976,30
512,1.87974267361218e-05,0.6879676025449039,0.8680000305175781,0.3346458077430725,0.13199996948242188,30
512,6.365151321954032e-05,0.5001653923192655,0.9120000600814819,0.2234726995229721,0.08799993991851807,30
128,0.00020247463968555028,0.3792784786692557,0.9120000600814819,0.21714694797992706,0.08799993991851807,30
512,0.0002967669396227373,0.43813073700860294,0.9140000343322754,0.1966237723827362,0.08599996566772461,27
128,0.0004056836221302697,0.4608735209321765,0.9220000505447388,0.20390963554382324,0.07799994945526123,29
512,0.00010846087692415295,0.43788791074690764,0.9160000681877136,0.19813381135463715,0.08399993181228638,30
128,1.853041408847784e-05,0.3746353701144896,0.8500000238418579,0.36335140466690063,0.1499999761581421,30
256,4.606500728738692e-05,0.5516602440825721,0.8940000534057617,0.2692818343639374,0.10599994659423828,30
128,0.0007947058776934759,0.6933540845304894,0.9200000166893005,0.21555815637111664,0.07999998331069946,30
512,0.000508128137644177,0.49502777595490804,0.9100000262260437,0.2072918564081192,0.0899999737739563,24
256,0.00024191756314052712,0.5646848930178057,0.9220000505447388,0.21080397069454193,0.07799994945526123,30
256,3.0253105971633734e-05,0.6051164645070615,0.8700000643730164,0.3095470368862152,0.12999993562698364,30
128,0.0007727529680127299,0.3802236993961081,0.9100000262260437,0.216325581073761,0.0899999737739563,18
512,1.66083056942813e-05,0.570531581877916,0.8740000128746033,0.31872785091400146,0.12599998712539673,30
256,0.0003723293261767401,0.6635756371075027,0.9120000600814819,0.2207762598991394,0.08799993991851807,30
512,0.0002633182106775104,0.4475076513373236,0.9080000519752502,0.20621547102928162,0.09199994802474976,20
256,0.00031441747605639054,0.5688300878335384,0.9300000667572021,0.19655179977416992,0.06999993324279785,26
256,1.5146353084757799e-05,0.6826407175000706,0.8580000400543213,0.3722357749938965,0.1419999599456787,30
512,2.5797372036933142e-05,0.6894989578513009,0.8700000643730164,0.31409355998039246,0.12999993562698364,30
128,0.00046291712575895953,0.3662845212988529,0.9120000600814819,0.210321307182312,0.08799993991851807,23
128,0.0005364839601160338,0.37034554406994324,0.9260000586509705,0.1998433619737625,0.07399994134902954,23
128,0.000177628948800664,0.3283522815041222,0.9200000166893005,0.21479195356369019,0.07999998331069946,30
128,2.824060566030517e-05,0.468472419024169,0.8680000305175781,0.3433576226234436,0.13199996948242188,30
256,5.2538130305999265e-05,0.40312570286182187,0.8980000615119934,0.24295642971992493,0.10199993848800659,30
256,5.141451608245964e-05,0.30871187214125556,0.89000004529953,0.23749209940433502,0.10999995470046997,30
128,0.0005150943325635109,0.4404128093851083,0.9280000329017639,0.20106826722621918,0.07199996709823608,29
256,1.9808708012367627e-05,0.31125924354422124,0.8760000467300415,0.3137570023536682,0.1239999532699585,30
512,6.57534456684008e-05,0.6863803170872022,0.9040000438690186,0.24055039882659912,0.09599995613098145,30
128,0.00015262538906256348,0.43443985945024727,0.9080000519752502,0.23302064836025238,0.09199994802474976,30
256,0.0004386602798981921,0.6041492907673616,0.906000018119812,0.23124638199806213,0.09399998188018799,30
128,3.70230445804705e-05,0.48456852555003627,0.878000020980835,0.2950218915939331,0.12199997901916504,30
512,0.0007554967516167825,0.4936436505284174,0.9140000343322754,0.22664746642112732,0.08599996566772461,30
256,0.0002520566314033023,0.5187917686812533,0.906000018119812,0.21336112916469574,0.09399998188018799,30
256,0.0005880114597032342,0.3264267079213648,0.9200000166893005,0.198863223195076,0.07999998331069946,26
256,0.000548410880423963,0.4809162080812844,0.9220000505447388,0.19312621653079987,0.07799994945526123,23
256,0.0001350463745237165,0.306913398657189,0.9160000681877136,0.20045825839042664,0.08399993181228638,30
512,2.584675953044314e-05,0.6602102994907216,0.8860000371932983,0.28883376717567444,0.11399996280670166,30
512,4.784828089109849e-05,0.4158173495219866,0.9080000519752502,0.23383115231990814,0.09199994802474976,30
512,5.415845600041927e-05,0.5812854965433171,0.9040000438690186,0.2383132427930832,0.09599995613098145,30
128,0.00048071110013567334,0.638260849578245,0.9180000424385071,0.1936040073633194,0.08199995756149292,30
256,0.00048161729178450275,0.5412804903988432,0.9240000247955322,0.21576152741909027,0.07599997520446777,30
256,3.293241326042548e-05,0.5686286929347117,0.8680000305175781,0.29726162552833557,0.13199996948242188,30
256,0.00063299356276753,0.5852648689943213,0.9160000681877136,0.20928676426410675,0.08399993181228638,22
512,2.399361473262378e-05,0.3183570870050138,0.89000004529953,0.2708708643913269,0.10999995470046997,30
512,1.4503371714868433e-05,0.3766622563765394,0.89000004529953,0.30598628520965576,0.10999995470046997,30
512,0.0006630939531792764,0.44581912985127986,0.9160000681877136,0.19904004037380219,0.08399993181228638,20
128,2.0681940963516927e-05,0.662305690039642,0.8440000414848328,0.3963097929954529,0.15599995851516724,30
512,1.4388329691930008e-05,0.5922943350248316,0.8560000658035278,0.3411235809326172,0.14399993419647217,30
128,6.185105903847135e-05,0.5343689084405002,0.8880000710487366,0.2729007601737976,0.11199992895126343,30
256,0.00011155622137495966,0.5927197278663328,0.9140000343322754,0.21030974388122559,0.08599996566772461,30
512,1.2221100069273516e-05,0.5870570912286915,0.8540000319480896,0.34058719873428345,0.1459999680519104,30
256,1.0356083832749548e-05,0.3508644677100388,0.8500000238418579,0.36299049854278564,0.1499999761581421,30
256,0.00020588937754091084,0.34831883526742435,0.9200000166893005,0.19993996620178223,0.07999998331069946,30
512,4.9276442294466027e-05,0.47146944068260727,0.9000000357627869,0.23811401426792145,0.09999996423721313,30
512,0.00032569857282012686,0.41041879680891186,0.9120000600814819,0.2067197859287262,0.08799993991851807,17
128,0.0001345085662800003,0.4015314660860974,0.9120000600814819,0.20431536436080933,0.08799993991851807,30
512,6.421499977142943e-05,0.34566410893009597,0.9100000262260437,0.22150762379169464,0.0899999737739563,30
512,0.0007738998693280126,0.3649312608992995,0.9140000343322754,0.20347203314304352,0.08599996566772461,13
512,1.6437460730399526e-05,0.5668774509682843,0.8720000386238098,0.32718878984451294,0.12799996137619019,30
512,1.0396335194380248e-05,0.6504752619575005,0.8500000238418579,0.3673754632472992,0.1499999761581421,30
128,1.3364422120236842e-05,0.37463374005349115,0.8500000238418579,0.3913364112377167,0.1499999761581421,30
128,0.00011231971086991559,0.4856331480552789,0.906000018119812,0.238052636384964,0.09399998188018799,30
128,3.894315181797595e-05,0.30101222565409796,0.8960000276565552,0.2711658775806427,0.10399997234344482,30
128,0.0006356212039542513,0.3820578990505738,0.9200000166893005,0.20689617097377777,0.07999998331069946,20
128,1.4970817096276517e-05,0.33891934779546695,0.8400000333786011,0.38090890645980835,0.15999996662139893,30
128,3.823378836361611e-05,0.5753767740617828,0.8660000562667847,0.31380516290664673,0.13399994373321533,30
512,8.769727375546671e-05,0.5555433674120204,0.9180000424385071,0.2199355512857437,0.08199995756149292,30
256,0.0009045849999592316,0.6886814186553866,0.9140000343322754,0.19692687690258026,0.08599996566772461,25
128,0.00011588749411190617,0.46735874692645574,0.9040000438690186,0.23441599309444427,0.09599995613098145,30
512,1.3478591191888321e-05,0.38458210151711786,0.8700000643730164,0.30677953362464905,0.12999993562698364,30
256,0.0005839666075660249,0.5585975745513085,0.9220000505447388,0.193089559674263,0.07799994945526123,28
512,1.2515595481583193e-05,0.4046090594967444,0.8720000386238098,0.31196510791778564,0.12799996137619019,30
256,0.00017374685297966144,0.4774311979879601,0.9140000343322754,0.20800307393074036,0.08599996566772461,30
256,2.78486989261552e-05,0.5417161288288275,0.8740000128746033,0.3092884123325348,0.12599998712539673,30
256,0.0006430734932106777,0.3034455223853594,0.9240000247955322,0.18875162303447723,0.07599997520446777,22
256,6.664378545045456e-05,0.5542668464055925,0.8980000615119934,0.2522607147693634,0.10199993848800659,30
512,4.799722875774439e-05,0.33359252049140187,0.9080000519752502,0.22757630050182343,0.09199994802474976,30
512,0.0006887909351925031,0.524378814368537,0.9080000519752502,0.21264424920082092,0.09199994802474976,19
